city,region,country,loc,org,postal,timezone,hostname
Tseung Kwan O,Sai Kung,HK,"22.3279,114.2499",AS3223 Voxility LLP,999077,Asia/Hong_Kong,
Bangkok,Bangkok,TH,"13.7540,100.5014",AS131447 POPIDC powered by CSLoxinfo,10200,Asia/Bangkok,103-7-59-135.ptr.pop-idc.com
Tomsk,Tomsk Oblast,RU,"56.5003,84.9820",AS56981 JSC ER-Telecom Holding,634000,Asia/Tomsk,static-user-109-124-47-175.tomtelnet.ru
Sumqayıt,Sumqayit,AZ,"40.5897,49.6686",AS50274 Alfanet LLC,AZ 5000,Asia/Baku,host-242-8-127-109.alfanet.az
Rtishchevo,Saratov Oblast,RU,"52.2604,43.7874",AS50174 Intexcom OOO,412030,Europe/Saratov,
Donetsk,Donetsk,UA,"48.0230,37.8022",AS20590 Donbass Electronic Communications Ltd.,86060,Europe/Kyiv,vrozetke.com
Leeds,England,GB,"53.7965,-1.5478",AS20738 Heart Internet limited,LS1,Europe/London,
Riga,Riga,LV,"56.9460,24.1059",AS24651 JSC BALTICOM,LV-1001,Europe/Riga,balticom-73-106-6.balticom.lv
Petaling Jaya,Selangor,MY,"3.1073,101.6067",AS45839 Shinjiru Technology Sdn Bhd,46547,Asia/Kuala_Lumpur,prawn79.ipchina163.com
Shanghai,Shanghai,CN,"31.2222,121.4581",,200000,Asia/Shanghai,
Shanghai,Shanghai,CN,"31.2222,121.4581",,200000,Asia/Shanghai,
West Lafayette,Indiana,US,"40.4259,-86.9081",AS17 Purdue University,47907,America/Indiana/Indianapolis,
Hsinchu,Taiwan,TW,"24.8036,120.9686","AS9916 National Chiao Tung University,",,Asia/Taipei,labview.cs.nctu.edu.tw
Saint Petersburg,St.-Petersburg,RU,"59.9386,30.3141",AS35278 SPRINTHOST.RU LLC,195213,Europe/Moscow,
Catania,Sicily,IT,"37.4922,15.0704",AS137 Consortium GARR,95100,Europe/Rome,gcafiso-ds.economia.unict.it
Montréal,Quebec,CA,"45.5088,-73.5878","AS16509 Amazon.com, Inc.",H3H,America/Toronto,
Jakarta,Jakarta,ID,"-6.2146,106.8451","AS16509 Amazon.com, Inc.",12850,Asia/Jakarta,ec2-16-78-90-13.ap-southeast-3.compute.amazonaws.com
Armonk,New York,US,"41.1265,-73.7140",,10504,America/New_York,4f.d2.c0ad.ip4.static.sl-reverse.com
Armonk,New York,US,"41.1265,-73.7140",,10504,America/New_York,68.cc.c1ad.ip4.static.sl-reverse.com
Detroit,Michigan,US,"42.3314,-83.0457","AS22878 ACENET, INC.",48226,America/Detroit,securenet-server.net
Detroit,Michigan,US,"42.3314,-83.0457","AS36444 Liquid Web, L.L.C",48226,America/Detroit,
Dallas,Texas,US,"32.9322,-96.8353",,75244,America/Chicago,94.d1.24ae.ip4.static.sl-reverse.com
Saint Petersburg,St.-Petersburg,RU,"59.9386,30.3141",AS51570 JSC ER-Telecom Holding,195213,Europe/Moscow,176x215x68x57.dynamic.rostov.ertelecom.ru
Krasnoyarsk,Krasnoyarsk Krai,RU,"56.0267,92.9077",AS50544 JSC ER-Telecom Holding,660004,Asia/Krasnoyarsk,dynamicip-176-215-86-120.pppoe.yola.ertelecom.ru
Falkenstein,Saxony,DE,"50.4779,12.3713",AS24940 Hetzner Online GmbH,08520,Europe/Berlin,static.171.17.9.176.clients.your-server.de
Västerås,Västmanland,SE,"59.6162,16.5528",AS57858 Angelnet Limited,720 01,Europe/Stockholm,
Biysk,Altai Krai,RU,"52.5364,85.2072",AS41794 Sibirskie Seti Ltd.,659300,Asia/Barnaul,67.85.248.178.sta.211.ru
Vyshhorod,Kiev,UA,"50.5848,30.4898",AS29107 Synapse Network LTD,01001,Europe/Kyiv,unallocated.cgnat.lan.ua
Armonk,New York,US,"41.1265,-73.7140",,10504,America/New_York,8d.0c.adb8.ip4.static.sl-reverse.com
Khlong Luang,Pathum Thani,TH,"14.0647,100.6458",AS133481 AIS Fibre,12120,Asia/Bangkok,184-82-106-0.24.public.tls1b-bcr02.myaisfibre.com
Singapore,Singapore,SG,"1.3140,103.7618",AS138199 Transatel,120433,Asia/Singapore,
Kazan,Tatarstan Republic,RU,"55.7887,49.1221","AS28840 PJSC ""TATTELECOM""",422525,Europe/Moscow,
Amsterdam,North Holland,NL,"52.3710,4.9042",AS51430 AltusHost B.V.,1011,Europe/Amsterdam,
Chicago,Illinois,US,"41.8500,-87.6500",AS204770 UAB Cherry Servers,60666,America/Chicago,
Moscow,Moscow,RU,"55.7522,37.6156",AS29182 JSC IOT,101000,Europe/Moscow,ivansaitodelov.fvds.ru
Svodín,Nitra Region,SK,"47.9105,18.4997",AS209486 EgomNet Kft.,943 54,Europe/Bratislava,
Milan,Lombardy,IT,"45.4643,9.1895",AS30722 Vodafone Italia S.p.A.,20121,Europe/Rome,net-188-219-154-228.cust.vodafonedsl.it
Bucharest,București,RO,"44.4323,26.1063",AS43927 HOSTERION SRL,050011,Europe/Bucharest,188-241-112-148.static.intovps.com
Ploieşti,Prahova,RO,"44.9500,26.0167",,100001,Europe/Bucharest,
Ploieşti,Prahova,RO,"44.9500,26.0167",,100001,Europe/Bucharest,
Ploieşti,Prahova,RO,"44.9500,26.0167",,100001,Europe/Bucharest,
Ploieşti,Prahova,RO,"44.9500,26.0167",,100001,Europe/Bucharest,
Mendoza,Mendoza,AR,"-32.8895,-68.8458",AS27879 Informática y Telecomunicaciones S.A.,5500,America/Argentina/Mendoza,static.192.25.itcsa.net
Salt Lake City,Utah,US,"40.7608,-111.8911","AS53850 GorillaServers, Inc.",84101,America/Denver,192-154-103-81.static.gorillaservers.com
Vaudreuil-Dorion,Quebec,CA,"45.4001,-74.0325",AS16276 OVH SAS,J7V,America/Toronto,
Vaudreuil-Dorion,Quebec,CA,"45.4001,-74.0325",AS16276 OVH SAS,J7V,America/Toronto,
Tashkent,Tashkent,UZ,"41.2647,69.2163",AS21001 NETKA TELEKOM LLC,,Asia/Tashkent,193.107.19.143-netco.uz
Tashkent,Tashkent,UZ,"41.2647,69.2163",AS21001 NETKA TELEKOM LLC,,Asia/Tashkent,193.107.19.83-netco.uz
Cork,Munster,IE,"51.8980,-8.4706",AS56410 Leeson Telecom Holdings Ltd,T23,Europe/Dublin,
Kyiv,Kyiv City,UA,"50.4547,30.5238",AS196645 HOSTPRO LAB LLC,03027,Europe/Kyiv,193.169.189.117.hostpro.com.ua
Bratislava,Bratislava Region,SK,"48.1482,17.1067",AS51013 WebSupport s.r.o.,840 02,Europe/Bratislava,private.jsft.io
Leeds,England,GB,"53.7965,-1.5478",AS20738 Heart Internet limited,LS1,Europe/London,
Phoenix,Arizona,US,"33.4484,-112.0740",AS32475 Internap Holding LLC,85001,America/Phoenix,254.138.143.198.unassigned.ord.singlehop.net
Vaudreuil-Dorion,Quebec,CA,"45.4001,-74.0325",AS16276 OVH SAS,J7V,America/Toronto,ns2.simpesc.org.br
Toronto,Ontario,CA,"43.7064,-79.3986",AS21949 Beanfield Technologies Inc.,M5A,America/Toronto,198-98-117-77.beanfield.net
Lenoir,North Carolina,US,"35.9140,-81.5390","AS31863 Centrilogic, Inc.",28633,America/New_York,
Los Angeles,California,US,"34.0443,-118.2509",AS25820 IT7 Networks Inc,90014,America/Los_Angeles,199.115.230.107.16clouds.com
Chicago,Illinois,US,"41.8500,-87.6500","AS18905 YOUR.ORG, INC.",60666,America/Chicago,
Chicago,Illinois,US,"41.8500,-87.6500","AS18905 YOUR.ORG, INC.",60666,America/Chicago,
Tampa,Florida,US,"28.0091,-82.5034","AS29802 HIVELOCITY, Inc.",33614,America/New_York,199-167-144-146.static.hvvc.us
New York City,New York,US,"40.7143,-74.0060","AS19318 Interserver, Inc",10001,America/New_York,consumer.informativewebinarslive.com
Belleville,Ontario,CA,"44.1668,-77.3828",AS13468 Kingston Online Services,K8N,America/Toronto,iris.kos.net
Zürich,Zurich,CH,"47.3667,8.5500",AS204631 VIVANET GmbH,8000,Europe/Zurich,
Vaughan,Ontario,CA,"43.8361,-79.4983",AS912 Hut 8 Mining Corp.,L6A,America/Toronto,static-199-7-234-100.ptr.terago.net
Santiago,Santiago Metropolitan,CL,"-33.4569,-70.6483",AS265831 SOC. COMERCIAL WIRENET CHILE LTDA.,8320000,America/Santiago,srv53.mundohosting.cl
Bangkok,Bangkok,TH,"13.7540,100.5014",AS9891 CS LOXINFO Public Company Limited.,10200,Asia/Bangkok,
Dallas,Texas,US,"32.7831,-96.8067",AS40034 Confluence Networks Inc,75201,America/Chicago,
Chicago,Illinois,US,"41.8500,-87.6500",AS46844 Sharktech,60666,America/Chicago,host10.cartaodecreditoweb.com
Atlanta,Georgia,US,"33.7490,-84.3880",AS63410 PrivateSystems Networks,30302,America/New_York,kim.addepots.com
Detroit,Michigan,US,"42.3314,-83.0457","AS22878 ACENET, INC.",48226,America/Detroit,serve14.serve-hosting.net
Detroit,Michigan,US,"42.3314,-83.0457","AS22878 ACENET, INC.",48226,America/Detroit,barnstorms.serve-hosting.net
Baltimore,Maryland,US,"39.2904,-76.6122",AS401348 DataMesh Networks Limited,21203,America/New_York,
Tempe,Arizona,US,"33.3917,-111.9249","AS19237 Omnis Network, LLC",85282,America/Phoenix,server.ultimatenurse.com
Atlanta,Georgia,US,"33.7490,-84.3880",AS11042 NETWORK TRANSIT HOLDINGS LLC,30302,America/New_York,serveri.unifiedns.com
Salt Lake City,Utah,US,"40.7608,-111.8911",AS13213 UK-2 Limited,84101,America/Denver,209.236.66.212.static.westdc.net
Boston,Massachusetts,US,"42.3584,-71.0598","AS29873 Newfold Digital, Inc.",02108,America/New_York,lrighini.easycgi.com
Austin,Texas,US,"30.2672,-97.7431","AS23005 SWITCH, LTD",78701,America/Chicago,209-99-40-223.fwd.datafoundry.com
Ho Chi Minh City,Ho Chi Minh,VN,"10.8230,106.6296",AS38731 Vietel - CHT Compamy Ltd,71606,Asia/Ho_Chi_Minh,
Asheville,North Carolina,US,"35.6009,-82.5540",AS47583 Hostinger International Limited,28801,America/New_York,
Bishkek,Bishkek,KG,"42.8700,74.5900","AS48271 CJSC ""TELECOMMUNICATIONS COMPANY ""DUN""",,Asia/Bishkek,212-2-227-28.citynet.kg
Madrid,Madrid,ES,"40.4165,-3.7026",AS34977 PROCONO S.A.,28004,Europe/Madrid,253.red.213.225.212.procono.es
Kaunas,Kaunas,LT,"54.9027,23.9096",,44001,Europe/Vilnius,212-59-16-209.static.zebra.lt
Odesa,Odessa,UA,"46.4857,30.7438",AS41665 Tehnologii Budushego LLC,65000,Europe/Kyiv,
Düsseldorf,North Rhine-Westphalia,DE,"51.2217,6.7762",AS24961 WIIT AG,40210,Europe/Berlin,
Rishon LeTsiyyon,Central District,IL,"31.9710,34.7894",AS12849 Hot-Net internet services Ltd.,,Asia/Jerusalem,
Chicago,Illinois,US,"41.8500,-87.6500","AS53264 SBA Edge, LLC",60666,America/Chicago,216.107.145.18.rdns.continuumdatacenters.com
Loogootee,Indiana,US,"38.6770,-86.9142",AS14574 RTC Communications,47553,America/Indiana/Vincennes,216-176-100-240.rtccom.net
Houston,Texas,US,"29.7633,-95.3633",AS11215 Logix,77002,America/Chicago,149.112.215.216.static.logixcom.net
Moscow,Moscow,RU,"55.7522,37.6156",AS47764 LLC VK,101000,Europe/Moscow,
Ho Chi Minh City,Ho Chi Minh,VN,"10.8230,106.6296",AS45899 VNPT Corp,71606,Asia/Ho_Chi_Minh,www.orai-vn.com
Sydney,New South Wales,AU,"-33.8678,151.2073",AS38719 Dreamscape Networks Limited,1001,Australia/Sydney,suspended.dnspackage.com
Moscow,Moscow,RU,"55.7522,37.6156","AS197695 ""Domain names registrar REG.RU"", Ltd",101000,Europe/Moscow,31-31-199-159.cloudvps.regruhosting.ru
Moscow,Moscow,RU,"55.7522,37.6156",AS61400 Start LLC,101000,Europe/Moscow,
Moscow,Moscow,RU,"55.7522,37.6156",AS61400 Start LLC,101000,Europe/Moscow,
Moscow,Moscow,RU,"55.7522,37.6156",AS61400 Start LLC,101000,Europe/Moscow,
Moscow,Moscow,RU,"55.7522,37.6156",AS61400 Start LLC,101000,Europe/Moscow,
Moscow,Moscow,RU,"55.7522,37.6156",AS210079 EuroByte LLC,101000,Europe/Moscow,hosted-by.ihc.ru
Moscow,Moscow,RU,"55.7522,37.6156",AS210079 EuroByte LLC,101000,Europe/Moscow,hosted-by.ihc.ru
Bucharest,București,RO,"44.4323,26.1063",AS3223 Voxility LLP,050011,Europe/Bucharest,
Moscow,Moscow,RU,"55.7522,37.6156",AS29182 JSC IOT,101000,Europe/Moscow,
Moscow,Moscow,RU,"55.7522,37.6156",AS29182 JSC IOT,101000,Europe/Moscow,
Kyiv,Kyiv City,UA,"50.4547,30.5238",AS13188 CONTENT DELIVERY NETWORK LTD,03027,Europe/Kyiv,41.249.57.37.triolan.net
Dunkerque,Hauts-de-France,FR,"51.0344,2.3768",AS16276 OVH SAS,59140,Europe/Paris,ip29.ip-37-59-250.eu
Kigali,Kigali,RW,"-1.9500,30.0588",AS36890 MTN Rwandacell,,Africa/Kigali,
Cluj-Napoca,Cluj County,RO,"46.7667,23.6000",,400001,Europe/Bucharest,202.246.102.46.static.intovps.com
Lelystad,Flevoland,NL,"52.5083,5.4750",AS43350 NForce Entertainment B.V.,8224,Europe/Amsterdam,svr508.redium.net
Lelystad,Flevoland,NL,"52.5083,5.4750",AS43350 NForce Entertainment B.V.,8224,Europe/Amsterdam,
Lelystad,Flevoland,NL,"52.5083,5.4750",,8224,Europe/Amsterdam,
Roosendaal,North Brabant,NL,"51.5308,4.4653",AS43350 NForce Entertainment B.V.,4701,Europe/Amsterdam,duristimess.com
Šiauliai,Siauliai,LT,"55.9333,23.3167",AS16125 UAB Cherry Servers,76001,Europe/Vilnius,
Lelystad,Flevoland,NL,"52.5083,5.4750",AS43350 NForce Entertainment B.V.,8224,Europe/Amsterdam,
Riga,Riga,LV,"56.9460,24.1059",AS52048 SIA RixHost,LV-1001,Europe/Riga,auroux.couragile.us
Riga,Riga,LV,"56.9460,24.1059",AS52048 SIA RixHost,LV-1001,Europe/Riga,ip-219-139.dataclub.info
Kharkiv,Kharkivs’ka Oblast’,UA,"49.9808,36.2527",AS8254 GREEN FLOID LLC,61000,Europe/Kyiv,
Noida,Uttar Pradesh,IN,"28.5800,77.3300",AS55470 Cyfuture India Pvt. Ltd.,201005,Asia/Kolkata,49-50-64-113.noida.datacenter.terapeer.com
Salt Lake City,Utah,US,"40.7608,-111.8911",AS46606 Unified Layer,84101,America/Denver,bh-uk-2.webhostbox.net
Singapore,Singapore,SG,"1.2897,103.8501",AS216444 UAB Cherry Servers,018989,Asia/Singapore,
Ramat Gan,Tel Aviv,IL,"32.0823,34.8107",AS12849 Hot-Net internet services Ltd.,,Asia/Jerusalem,
Düsseldorf,North Rhine-Westphalia,DE,"51.2217,6.7762",AS29141 Bradler & Krantz GmbH & Co. KG,40210,Europe/Berlin,se-test-64.virtualhosts.de
Falkenstein,Saxony,DE,"50.4779,12.3713",AS24940 Hetzner Online GmbH,08520,Europe/Berlin,static.197.207.9.5.clients.your-server.de
Dallas,Texas,US,"32.9322,-96.8353",,75244,America/Chicago,64.4b.1732.ip4.static.sl-reverse.com
Lansing,Michigan,US,"42.7325,-84.5555","AS32244 Liquid Web, L.L.C",48901,America/Detroit,
Tempe,Arizona,US,"33.4148,-111.9093","AS26496 GoDaddy.com, LLC",85285,America/Phoenix,71.202.63.50.host.secureserver.net
Shanghai,Shanghai,CN,"31.2222,121.4581",AS4837 CHINA UNICOM China169 Backbone,200000,Asia/Shanghai,
Bangkok,Bangkok,TH,"13.7540,100.5014",AS9335 CAT Telecom Public Company Limited,10200,Asia/Bangkok,lellen.pyroxanon.com
Aschaffenburg,Bavaria,DE,"49.9770,9.1521",AS47447 23M GmbH,63739,Europe/Berlin,
Dallas,Texas,US,"32.7831,-96.8067","AS46475 Limestone Networks, Inc.",75201,America/Chicago,poseidon.lftmail.com
Dallas,Texas,US,"32.7831,-96.8067","AS46475 Limestone Networks, Inc.",75201,America/Chicago,100-47-143-63.static.reverse.lstn.net
Atlanta,Georgia,US,"33.7490,-84.3880",AS11042 NETWORK TRANSIT HOLDINGS LLC,30302,America/New_York,fusion.dnsprotect.com
Los Angeles,California,US,"34.0522,-118.2437",AS22343 Vonage Business Inc.,90009,America/Los_Angeles,73.71.127.64.static.ip.tnltd.net
Lockhart,Florida,US,"28.6194,-81.4426","AS33182 HostDime.com, Inc.",32810,America/New_York,rapid.nsjet.com
San Francisco,California,US,"37.7749,-122.4194",AS11404 Wave Broadband,94102,America/Los_Angeles,astound-64-85-233-8.ca.astound.net
Colorado Springs,Colorado,US,"38.8339,-104.8214",AS21777 Massive Networks,80901,America/Denver,server2.validns.com
Middleburgh,New York,US,"42.5987,-74.3329","AS23535 HostRocket.com, Inc.",12122,America/New_York,reseller7.hrwebservices.net
Atlanta,Georgia,US,"33.7490,-84.3880",AS22653 Cyber Wurx LLC,30302,America/New_York,
New York City,New York,US,"40.7143,-74.0060","AS19318 Interserver, Inc",10001,America/New_York,server15.websiteplex.com
Wardensville,West Virginia,US,"39.0751,-78.5978","AS26347 New Dream Network, LLC",26851,America/New_York,mysql5.selltochina.com.au
Lancaster,California,US,"34.6980,-118.1367","AS30041 Race Tech, LLC",93539,America/Los_Angeles,67-211-200-7.race.com
Maitland,Florida,US,"28.6278,-81.3631","AS33182 HostDime.com, Inc.",32751,America/New_York,67-23-224-154.static.hostdime.com
Salt Lake City,Utah,US,"40.7608,-111.8911",AS13213 UK-2 Limited,84101,America/Denver,cslrb-850-2.slc.westdc.net
Lakewood,Tennessee,US,"36.2604,-86.7046","AS7018 AT&T Enterprises, LLC",37115,America/Chicago,
Chicago,Illinois,US,"41.8500,-87.6500",AS32475 Internap Holding LLC,60666,America/Chicago,130.75.175.69.unassigned.ord.singlehop.net
Chicago,Illinois,US,"41.8500,-87.6500",AS32475 Internap Holding LLC,60666,America/Chicago,benedict.tmd.cloud
Phoenix,Arizona,US,"33.4484,-112.0740","AS14992 NewtekOne, Inc.",85001,America/Phoenix,
Denver,Colorado,US,"39.7392,-104.9847",AS46844 Sharktech,80203,America/Denver,xyz29.earns25.info
Salem,Oregon,US,"44.9429,-123.0351","AS7922 Comcast Cable Communications, LLC",97308,America/Los_Angeles,c-71-236-243-21.hsd1.or.comcast.net
Tabiona,Utah,US,"40.3544,-110.7101",AS46606 Unified Layer,84072,America/Denver,74-220-221-205.unifiedlayer.com
Saint Petersburg,St.-Petersburg,RU,"59.9386,30.3141",AS42289 ITMO University,195213,Europe/Moscow,
London,England,GB,"51.5085,-0.1257",AS42831 UK Dedicated Servers Limited,E1W,Europe/London,78-110-164-221.as42831.net
Sundsvall,Västernorrland,SE,"62.3913,17.3063",AS31507 Servanet AB,850 02,Europe/Stockholm,host-78-110-80-51.serva.net
Jeddah,Mecca Region,SA,"21.4901,39.1862",AS50880 SEVEN EYES FOR MARKETING LTD,,Asia/Riyadh,
Unterpremstätten,Styria,AT,"46.9647,15.4042",AS8447 A1 Telekom Austria AG,8141,Europe/Vienna,
Amsterdam,North Holland,NL,"52.3740,4.8897",AS202425 IP Volume inc,1012,Europe/Amsterdam,
Amsterdam,North Holland,NL,"52.3740,4.8897",AS202425 IP Volume inc,1012,Europe/Amsterdam,slave77.nl.idfnv.net
Amsterdam,North Holland,NL,"52.3740,4.8897",AS202425 IP Volume inc,1012,Europe/Amsterdam,
Amsterdam,North Holland,NL,"52.3740,4.8897",AS202425 IP Volume inc,1012,Europe/Amsterdam,complete-delivery-destination-page.com
Ramsgate,England,GB,"51.3357,1.4180",AS34282 UKDedicated LTD,CT11,Europe/London,uk16.myserverhosts.com
Kyiv,Kyiv City,UA,"50.4547,30.5238",AS15626 GREEN FLOID LLC,03027,Europe/Kyiv,
Heemskerk,North Holland,NL,"52.5111,4.6716",AS60781 LeaseWeb Netherlands B.V.,1961,Europe/Amsterdam,
Madrid,Madrid,ES,"40.4165,-3.7026",AS42612 DinaHosting S.L.,28004,Europe/Madrid,vls17720.dinaserver.com
Lublin,Lublin,PL,"51.2500,22.5667",AS5617 Orange Polska Spolka Akcyjna,20-001,Europe/Warsaw,epq242.internetdsl.tpnet.pl
Wola,Mazovia,PL,"52.2348,20.9600",AS5617 Orange Polska Spolka Akcyjna,09-150,Europe/Warsaw,avx90.internetdsl.tpnet.pl
Moscow,Moscow,RU,"55.7522,37.6156",AS12616 Citytelecom LLC,101000,Europe/Moscow,unused.hostline.su
Rotterdam,South Holland,NL,"51.9225,4.4792",AS21155 Signet B.V.,3011,Europe/Amsterdam,ip-space.by.proserve.nl
London,England,GB,"51.5085,-0.1257",AS25577 BE DC Connect UK Limited,E1W,Europe/London,
Nürnberg,Bavaria,DE,"49.4542,11.0775",AS24940 Hetzner Online GmbH,90402,Europe/Berlin,static.85-10-234-166.clients.your-server.de
London,England,GB,"51.5085,-0.1257",AS8560 IONOS SE,E1W,Europe/London,ip87-106-188-25.pbiaas.com
Erfurt,Thuringia,DE,"50.9787,11.0328",AS31103 Keyweb AG,99084,Europe/Berlin,h-87.118.116.203.keyweb.de
Shiraz,Fars,IR,"29.6103,52.5311",AS200296 Dadeh Gostar Sina Shiraz PLC,,Asia/Tehran,server.kohanweb.com
Veliko Tŭrnovo,Veliko Tarnovo,BG,"43.0812,25.6290",AS8866 Vivacom Bulgaria EAD,5000,Europe/Sofia,9943.telnet.bg
Paris,Île-de-France,FR,"48.8534,2.3488",AS16276 OVH SAS,75000,Europe/Paris,x10.lokoz.net
Saint-Denis,Île-de-France,FR,"48.9356,2.3539",AS12322 Free SAS,93200,Europe/Paris,
Düsseldorf,North Rhine-Westphalia,DE,"51.2217,6.7762",AS24961 WIIT AG,40210,Europe/Berlin,net.cyclingonwheedlywheedly.info
Warsaw,Mazovia,PL,"52.2298,21.0118","AS25393 Internet Invest, Ltd.",00-002,Europe/Warsaw,vs963.mirohost.net
Oslo,Oslo,NO,"59.9127,10.7461",AS50304 Blix Solutions AS,0001,Europe/Oslo,
Saint Petersburg,St.-Petersburg,RU,"59.9386,30.3141",AS48096 Enterprise Cloud Ltd.,195213,Europe/Moscow,
London,England,GB,"51.5085,-0.1257",AS43927 HOSTERION SRL,E1W,Europe/London,234.150.32.89.static.intovps.com
Bucharest,București,RO,"44.4323,26.1063",AS39756 EASYHOST SRL,050011,Europe/Bucharest,
Mumbai,Maharashtra,IN,"19.0728,72.8826",AS25369 Hydra Communications Ltd,400017,Asia/Kolkata,146.251.46.89.baremetal.zare.com
Mumbai,Maharashtra,IN,"19.0728,72.8826",AS25369 Hydra Communications Ltd,400017,Asia/Kolkata,158.251.46.89.baremetal.zare.com
Mumbai,Maharashtra,IN,"19.0728,72.8826",AS25369 Hydra Communications Ltd,400017,Asia/Kolkata,169.251.46.89.baremetal.zare.com
Schwarzach,Vorarlberg,AT,"47.4490,9.7621",AS41585 ELEMENTMEDIA GmbH,6858,Europe/Vienna,
Munich,Bavaria,DE,"48.1374,11.5755",AS51167 Contabo GmbH,80097,Europe/Berlin,m3447.contabo.net
Kyiv,Kyiv City,UA,"50.4547,30.5238",AS48031 Ivanov Vitaliy Sergeevich,03027,Europe/Kyiv,fun61.fundfinderinsights.com
Kyiv,Kyiv City,UA,"50.4547,30.5238","AS51743 LLC ""HOST PARK GROUP""",03027,Europe/Kyiv,ty.xrightdirections.com
Kyiv,Kyiv City,UA,"50.4547,30.5238","AS51743 LLC ""HOST PARK GROUP""",03027,Europe/Kyiv,91.217.254.63.hostpark.com.ua
Reston,Virginia,US,"38.9318,-77.3527",,20191,America/New_York,
Moscow,Moscow,RU,"55.7522,37.6156",AS210079 EuroByte LLC,101000,Europe/Moscow,hosted-by.ihc.ru
Moscow,Moscow,RU,"55.7522,37.6156",AS210079 EuroByte LLC,101000,Europe/Moscow,hosted-by.ihc.ru
Kyiv,Kyiv City,UA,"50.4547,30.5238",AS196645 HOSTPRO LAB LLC,03027,Europe/Kyiv,skm322.hostsila.org
Lelystad,Flevoland,NL,"52.5083,5.4750",AS35415 Webzilla B.V.,8224,Europe/Amsterdam,
Bor,Nizhny Novgorod Oblast,RU,"56.3594,44.0730",,606440,Europe/Moscow,
Bor,Nizhny Novgorod Oblast,RU,"56.3594,44.0730",,606440,Europe/Moscow,
Marly,Hauts-de-France,FR,"50.3456,3.5496",AS197922 Techcrea Solutions SAS,59770,Europe/Paris,vps015.firstheberg.com
Marly,Hauts-de-France,FR,"50.3456,3.5496",AS197922 Techcrea Solutions SAS,59770,Europe/Paris,vps44.firstheberg.net
Kharkiv,Kharkivs’ka Oblast’,UA,"49.9808,36.2527",AS197726 Ukrainian Internet Names Center LTD,61000,Europe/Kyiv,91.231.84.100.ip.ukrnames.com
Kyiv,Kyiv City,UA,"50.4547,30.5238",AS196645 HOSTPRO LAB LLC,03027,Europe/Kyiv,91.239.232.68.hostpro.com.ua
Kyiv,Kyiv City,UA,"50.4547,30.5238",AS196645 HOSTPRO LAB LLC,03027,Europe/Kyiv,codemade.xyz
Kyiv,Kyiv City,UA,"50.4547,30.5238",AS196645 HOSTPRO LAB LLC,03027,Europe/Kyiv,91.239.233.51.hostpro.com.ua
Warsaw,Mazovia,PL,"52.2269,20.9997",,02-001,Europe/Warsaw,
Warsaw,Mazovia,PL,"52.2269,20.9997",,02-001,Europe/Warsaw,
Warsaw,Mazovia,PL,"52.2269,20.9997",,02-001,Europe/Warsaw,
Warsaw,Mazovia,PL,"52.2269,20.9997",,02-001,Europe/Warsaw,
Warsaw,Mazovia,PL,"52.2269,20.9997",,02-001,Europe/Warsaw,
Kyiv,Kyiv City,UA,"50.4547,30.5238",,03027,Europe/Kyiv,
Bucharest,București,RO,"44.4323,26.1063",AS3223 Voxility LLP,050011,Europe/Bucharest,
Chernivtsi,Chernivtsi,UA,"48.2904,25.9324",AS48323 PP Neiron Systems,58000,Europe/Kyiv,
Chernivtsi,Chernivtsi,UA,"48.2904,25.9324",AS48323 PP Neiron Systems,58000,Europe/Kyiv,
Ankara,Ankara,TR,"39.9199,32.8543",AS47894 VERITEKNIK BILISIM BASIN VE YAYIN LIMITED SIRKETI,06420,Europe/Istanbul,
Moscow,Moscow,RU,"55.7522,37.6156",AS209641 I-SERVERS LTD,101000,Europe/Moscow,vds2412950.my-ihor.ru
Stockholm,Stockholm,SE,"59.3500,17.9167",AS6206 Netrouting B.V.,168 65,Europe/Stockholm,web2.wordoriginhistory.biz
Tseung Kwan O,Sai Kung,HK,"22.3279,114.2499","AS7979 Servers.com, Inc.",999077,Asia/Hong_Kong,
Tseung Kwan O,Sai Kung,HK,"22.3279,114.2499","AS7979 Servers.com, Inc.",999077,Asia/Hong_Kong,
Lelystad,Flevoland,NL,"52.5083,5.4750","AS7979 Servers.com, Inc.",8224,Europe/Amsterdam,
Novosibirsk,Novosibirsk Oblast,RU,"55.0344,82.9434",AS41066 JSC RTComm.RU,630000,Asia/Novosibirsk,
Lelystad,Flevoland,NL,"52.5083,5.4750",AS60781 LeaseWeb Netherlands B.V.,8224,Europe/Amsterdam,
Lelystad,Flevoland,NL,"52.5083,5.4750",AS60781 LeaseWeb Netherlands B.V.,8224,Europe/Amsterdam,hosted-by.leaseweb.com
Dallas,Texas,US,"32.7831,-96.8067",AS46549 Global Virtual Opportunities,75201,America/Chicago,gvo23865.gvodatacenter.com
Hyderābād,Telangana,IN,"17.3840,78.4564","AS16509 Amazon.com, Inc.",500001,Asia/Kolkata,
